<?xml version="1.0" encoding="UTF-8"?>
<flow xmlns="http://www.springframework.org/schema/webflow"
	xmlns:xsi="http://www.w3.org/2001/XMLSchema-instance"
	xsi:schemaLocation="http://www.springframework.org/schema/webflow
						  http://www.springframework.org/schema/webflow/spring-webflow-2.0.xsd">

	<var name="shippingAddress" class="com.niit.shoppingcart.model.ShippingAddress" />
	<var name="billingAddress" class="com.niit.shoppingcart.model.BillingAddress" />
	<var name="cart" class="com.niit.shoppingcart.model.Cart" />
	<var name="order" class="com.niit.shoppingcart.model.Order" />
	<var name="paymentMethod" class="com.niit.shoppingcart.model.PaymentMethod" />


	<on-start>
		<evaluate expression="orderWebflow.initFlow()" result="flowScope.order" />
	</on-start>

	<view-state id="flowExecutor" view="user/shippingAddress"
		model="shippingAddress">
		<transition on="submitShippingAddress" to="shippingDetails" />
	</view-state>

	<action-state id="shippingDetails">
		<evaluate
			expression="orderWebflow.addShippingAddress(flowScope.order,shippingAddress)"></evaluate>
		<transition on="success" to="viewBillingDetails" />
		<transition on="fail" to="cart_checkout" />
	</action-state>

	<view-state id="viewBillingDetails" view="user/billingAddress"
		model="billingAddress">
		<transition on="submitBillingAddress" to="billingDetails" />
		<transition on="backToShippingAddress" to="cart_checkout" />
	</view-state>

	<action-state id="billingDetails">
		<evaluate
			expression="orderWebFlow.addBillingAddress(flowScope.order,billingAddress)"></evaluate>
		<transition on="success" to="viewPaymentDetails" />
	</action-state>

	<view-state id="viewPaymentDetails" view="user/payment"
		model="paymentMethod">
		<transition on="submitPaymentMethod" to="paymentDetails" />
	</view-state>

	<action-state id="paymentDetails">
		<evaluate
			expression="orderWebflow.addPaymentMethod(flowScope.order,PaymentMethod)"></evaluate>
		<transition on="success" to="orderConfirm" />
	</action-state>

	<view-state id="orderConfirm" view="user/orderConfirm">
		<transition on="finalHome" to="toHome" />
	</view-state>

	<end-state id="toHome" view="externalRedirect:contextRelative:/" />

	<global-transitions>
		<transition on="cancel" to="toCartView" />
	</global-transitions>

</flow>