<?xml version="1.0" encoding="UTF-8"?>
<beans xmlns="http://www.springframework.org/schema/beans"
	xmlns:xsi="http://www.w3.org/2001/XMLSchema-instance" xmlns:context="http://www.springframework.org/schema/context"
	xmlns:security="http://www.springframework.org/schema/security"
	xsi:schemaLocation="http://www.springframework.org/schema/beans
	http://www.springframework.org/schema/beans/spring-beans-4.0.xsd
	http://www.springframework.org/schema/context
	http://www.springframework.org/schema/context/spring-context-4.0.xsd
		http://www.springframework.org/schema/security
	http://www.springframework.org/schema/security/spring-security-4.1.xsd">


	<security:http auto-config="true">
		<security:intercept-url pattern="/manage**"
			access="hasRole('ROLE_ADMIN')" />
		<security:intercept-url pattern="/cart/**"
			access="hasRole('ROLE_User')" />
		<security:intercept-url pattern="/cart_checkout**"
			access="hasRole('ROLE_USER')" />

		<security:form-login username-parameter="username"
			password-parameter="password" authentication-failure-forward-url="/loginError" />

		<security:access-denied-handler
			error-page="/accessDenied" />

	</security:http>

	<security:authentication-manager>
		<security:authentication-provider>
			<security:jdbc-user-service
				data-source-ref="dataSource"
				users-by-username-query="select id, password, 'true' as enabled from user where id=?"
				authorities-by-username-query="select id, role from user where id=?" />
		</security:authentication-provider>

	</security:authentication-manager>

</beans>
	
	
	