<beans xmlns="http://www.springframework.org/schema/beans"
	xmlns:xsi="http://www.w3.org/2001/XMLSchema-instance" xmlns:context="http://www.springframework.org/schema/context"
	xmlns:mvc="http://www.springframework.org/schema/mvc"
	xmlns:webflow="http://www.springframework.org/schema/webflow-config"
	xsi:schemaLocation="http://www.springframework.org/schema/beans
	http://www.springframework.org/schema/beans/spring-beans-4.1.xsd
	http://www.springframework.org/schema/context
	http://www.springframework.org/schema/context/spring-context-4.1.xsd
	http://www.springframework.org/schema/mvc
	http://www.springframework.org/schema/mvc/spring-mvc-4.1.xsd
	http://www.springframework.org/schema/webflow-config
	http://www.springframework.org/schema/webflow-config/spring-webflow-config-2.0.xsd">
	<context:annotation-config />

	<context:component-scan base-package="com.niit" />
	
	
	<bean id="viewResolver"
		class="org.springframework.web.servlet.view.InternalResourceViewResolver">
		<property name="prefix">
			<value>/WEB-INF/views/</value>
		</property>
		<property name="suffix">
			<value>.jsp</value>
		</property>
	</bean>
	
	<!-- <bean id="multipartResolver"
		class="org.springframework.web.multipart.commons.CommonsMultipartResolver" />
	 -->
	
	
	 <!-- Webflow Configuration -->
	<!-- Register all Web Flow definitions (Flow Registry) -->
	<webflow:flow-registry id="flowRegistry" flow-builder-services="flowBuilderServices" base-path="/WEB-INF">
		<!-- the id is mapped to invoke this flow -->
		<webflow:flow-location id="springFlow" path="/spring-flow-config.xml" />
		<webflow:flow-location id="cart_checkout" path="/checkout.xml" />
	</webflow:flow-registry>
		
	<!-- Deploy a flow executor (Flow Executor) -->
    <webflow:flow-executor id="flowExecutor" />
    
    <!-- Configure flow builder services -->  
    <!-- Configure view service -->
	<webflow:flow-builder-services id="flowBuilderServices"	view-factory-creator="viewFactoryCreator" />
		
	<bean id="viewFactoryCreator" class="org.springframework.webflow.mvc.builder.MvcViewFactoryCreator">
		<property name="viewResolvers">
			<list>
				<ref bean="viewResolver" />
			</list>
		</property>
	</bean>
	
	<!-- Install flow handler (FlowHandlerAdapter) -->
    <!-- It dispatches URL requests to flows -->
    <bean class="org.springframework.webflow.mvc.servlet.FlowHandlerAdapter">
	<property name="flowExecutor" ref="flowExecutor"/>
    </bean>

	<!-- Map Http request path to flows register in the registry -->
    <bean class="org.springframework.webflow.mvc.servlet.FlowHandlerMapping">
        <property name="flowRegistry" ref="flowRegistry"/>
        <property name="order" value="0"/>
    </bean>	
	 


	<mvc:resources mapping="/resources/**" location="/resources/" />
	<!-- <mvc:resources mapping="/admin/resources/**" location="/admin/resources/" 
		/> <mvc:resources mapping="/user/cart/resources/**" location="/user/cart/resources/" 
		/> -->

<mvc:annotation-driven/>
</beans>
