<?xml version="1.0" encoding="UTF-8"?>
<beans xmlns="http://www.springframework.org/schema/beans"
	xmlns:xsi="http://www.w3.org/2001/XMLSchema-instance" xmlns:context="http://www.springframework.org/schema/context"
	xmlns:security="http://www.springframework.org/schema/security"
	xsi:schemaLocation="http://www.springframework.org/schema/beans
	http://www.springframework.org/schema/beans/spring-beans-4.1.xsd
	http://www.springframework.org/schema/context
	http://www.springframework.org/schema/context/spring-context-4.1.xsd
		http://www.springframework.org/schema/security
	http://www.springframework.org/schema/security/spring-security-4.0.xsd">


	<security:http auto-config="true" use-expressions="true">

	<security:csrf disabled="true"/>
<security:intercept-url pattern="/index11"
			access="isAnonymous()" />
			<security:intercept-url pattern="/home11"
			access="hasRole('ROLE_USER')" />
		<security:intercept-url pattern="/manage**"
			access="hasRole('ROLE_ADMIN')" />
			<security:intercept-url pattern="/user/cart/**" access="hasAnyRole('ROLE_USER,ROLE_ADMIN')"/>
			
			
		<security:intercept-url pattern="/cart/**"
			access="hasRole('ROLE_USER')" />
		<security:intercept-url pattern="/cart_checkout**"
			access="hasRole('ROLE_USER')" />	
		
		<!-- <security:form-login username-parameter="username"
		password-parameter="password" authentication-failure-forward-url="/loginError"/>
		 -->
		<security:access-denied-handler
			error-page="/accessDenied" />
		
		<!-- <security:form-login login-page="/login"
		authentication-success-forward-url="/login"/>
		 -->
		 <security:form-login  login-page="/loginPage" login-processing-url="/j_spring_security_check"
		default-target-url="/home"
		always-use-default-target="false"
		authentication-failure-url="/loginPage?error=true"
		 username-parameter="username"
			password-parameter="password"/>
			 
			
			  <security:logout logout-url="/logout"
			logout-success-url="/login"
			delete-cookies="jSESSIONID"
			invalidate-session="true"
			/>  
			

	</security:http>

	<security:authentication-manager>
		<security:authentication-provider>
			<security:jdbc-user-service
				data-source-ref="dataSource"
				users-by-username-query="select userid, password, 'true' as enabled from user where userid=?"
				authorities-by-username-query="select userid, role from user where userid=?" />
		</security:authentication-provider>

	</security:authentication-manager>

</beans>
	
	
	